finished,script,arguments,minutes,exit_status,cpu,cores,python
2026-09-28T20:44:54,scripts/generate/agent_main_data.py,,47.66,0,Apple M3,8,3.12.3
2026-09-28T21:08:09,scripts/generate/lattice_data.py,,22.91,0,Apple M3,8,3.12.3
2026-09-28T21:08:10,scripts/generate/axis_entry_data.py,,0.01,0,Apple M3,8,3.12.3
2026-09-28T21:08:26,scripts/generate/convergence_phase_diagrams_data.py,,0.24,0,Apple M3,8,3.12.3
2026-09-29T00:42:43,scripts/generate/agent_variable_long_run_data.py,,214.24,0,Apple M3,8,3.12.3
2026-09-29T00:42:46,scripts/generate/gtft_q_shock_data.py,,0.01,0,Apple M3,8,3.12.3
2026-09-29T00:43:55,scripts/generate/gtft_disk_displacement_data.py,,1.14,0,Apple M3,8,3.12.3
2026-09-29T03:38:35,scripts/generate/basin_data.py,,174.65,0,Apple M3,8,3.12.3
2026-09-29T03:43:13,scripts/generate/agent_noise_data.py,,4.62,0,Apple M3,8,3.12.3
2026-09-29T03:43:57,scripts/generate/agent_pair_data.py,,0.61,0,Apple M3,8,3.12.3
2026-09-29T04:09:16,scripts/generate/axis_entry_rate_sensitivity_data.py,,24.74,0,Apple M3,8,3.12.3
2026-09-29T17:27:40,scripts/generate/self_interactions_data.py,,30.64,0,Apple M3,8,3.12.3
